{"cameraMode":{"drawMode":0,"name":"Shaded","section":"Shading Mode"},"sceneLighting":true,"audioPlay":false,"sceneViewState":{"m_AlwaysRefresh":false,"showFog":true,"showSkybox":true,"showFlares":true,"showImageEffects":true,"showParticleSystems":true,"showVisualEffectGraphs":true,"m_FxEnabled":true},"in2DMode":false,"pivot":{"x":9.439372062683106,"y":-2.9490654468536379,"z":3.3419880867004396},"rotation":{"x":0.16043484210968018,"y":0.47509363293647768,"z":-0.08842536807060242,"w":0.860771656036377},"size":10.300384521484375,"orthographic":false}