{"cameraMode":{"drawMode":0,"name":"Shaded","section":"Shading Mode"},"sceneLighting":true,"audioPlay":false,"sceneViewState":{"m_AlwaysRefresh":false,"showFog":true,"showSkybox":true,"showFlares":true,"showImageEffects":true,"showParticleSystems":true,"showVisualEffectGraphs":true,"m_FxEnabled":false},"in2DMode":false,"pivot":{"x":-42.051021575927737,"y":-50.001548767089847,"z":111.6007080078125},"rotation":{"x":0.21511004865169526,"y":-0.05855537950992584,"z":0.01292187999933958,"w":0.9747545719146729},"size":78.76515197753906,"orthographic":false}