{"cameraMode":{"drawMode":0,"name":"Shaded","section":"Shading Mode"},"sceneLighting":true,"audioPlay":false,"sceneViewState":{"m_AlwaysRefresh":false,"showFog":true,"showSkybox":true,"showFlares":true,"showImageEffects":true,"showParticleSystems":true,"showVisualEffectGraphs":true,"m_FxEnabled":false},"in2DMode":false,"pivot":{"x":-31.386093139648439,"y":12.733739852905274,"z":23.551511764526368},"rotation":{"x":0.0005723091890104115,"y":0.9642778635025024,"z":-0.04702373221516609,"w":-0.2695976197719574},"size":5.18198823928833,"orthographic":false}